<?xml version="1.0" encoding="UTF-8"?>
<Servers>
<ServerGroup Name="CLASSIC Style HARDCORE" Logo="https://i.imgur.com/zCzfIV6.jpg">
<Server Name="CSH for A21.2">

<Description>Mod version: v21.2.05 (test)
Date: 22.11.2023
Requiring Alpha: 21.2(b30) 
Size: ~ 700Mb

Forum thread:
https://community.7daystodie.com/topic/22253-classic-style-hardcore-mod/

日本語訳作成： ちびにゃ, はぴろう, ひろけーえぬえぬ

RUS:
(про дополнительные возможности, совместимость сейвов, изменения в версии - читаем на оффициальном форуме)

日本:
(追加機能、保存の互換性、バージョンの変更について - 公式フォーラムで読む)

ENG:
(read about save compatibility, changes, and extensions - in the forums)

**************************************************************************************************

TERMS of USE modification(mod) "CLASSIC Style HARDCORE" based on the game "7 Days to Die":
1. Content created by the author of the mod or third parties, which NOT based on the developments of "The Fun Pimps" - belongs to the creators of this content.
2. The terms below do not apply to the owners of the game "The Fun Pimps", as they already have the right to use their own content or code, including those that were created on the basis of their development. The author of this mod does not mind that "The Fun Pimps" use any ideas or materials from this mod to improve the quality of the game "7 Days to Die".
3. You can use the mod, change or take any of the content for personal use outside of the public - without permission.
4. You can use the mod without changes (as is) on public servers for non-commercial purposes or show the gameplay - without permission.
5. To use the mod in public, or create a public server with changes in the configuration files xml, txt, dll or other resources - you must ask the author of the mod for permission.
6. If you want to publicly use any materials or content from this mod outside of this mod, you must ask the author of the mod for permission.
</Description>
	<Version>alpha21.2</Version>
	<RSS/>
	<ReleaseNotes/>
	<DownloadMode>Clone</DownloadMode>
	<Downloads>
		<Download>https://gitlab.com/n2n1/Classic-Style-Hardcore-MOD</Download>
		<AltDownload>https://disk.yandex.ru/d/36PRCN5rnjtwNw</AltDownload>
	</Downloads>

</Server>
</ServerGroup>
</Servers>